insert into EMPLOYEE (EMP_ID, EMP_LAST_NAME, EMP_FIRST_NAME, EMP_BIRTHDAY, EMP_PHONE) values (15, '1YAD58HEIT5CVG9QK1Q8J9RI5LPMWY6X31GYV6TKIX3K89UWPP', 'JHJJGP C4FUF6MY521LXEOX96JYM2WT5MUAQVHHI99NCA8U1SF', to_date('2005-8-7', 'yyyy-mm-dd'), '117ETSUGN2DVBP1X45K4');

insert into EMPLOYEE (EMP_ID, EMP_LAST_NAME, EMP_FIRST_NAME, EMP_BIRTHDAY, EMP_PHONE) values (10, 'LFDYQBRFXO0R6RKUEGE3Y5VC4KAVWAFCNV5S2DAILYP9199CIS', 'KF2A5I85T7NUELLNGCT5VBDLTPHDQ4FQQOE0RKW0X9BWENBIFL', to_date('2004-3-8', 'yyyy-mm-dd'), '1 E T4F68WW219RK8KNE');

insert into EMPLOYEE (EMP_ID, EMP_LAST_NAME, EMP_FIRST_NAME, EMP_BIRTHDAY, EMP_PHONE) values (13, '6YA9GMTR5XNI BYK4F35MAIDEBDYYBJ163YN864MLI2VPYWNYY', ' YMRPW4CFA45VIKGC9L8X2OPI16GP0SUILVHKLPBBN9K39VQC0', to_date('2001-8-25', 'yyyy-mm-dd'), 'EXQ IU4FGV1KT0BXD1AU');

insert into EMPLOYEE (EMP_ID, EMP_LAST_NAME, EMP_FIRST_NAME, EMP_BIRTHDAY, EMP_PHONE) values (8, 'TPQ6O139HXHLGIVAVR5F8UV5VDXG2IYT3UMIH6ARL0PRLKAQTP', '8144TO8LWPOKHK56NS8WVSWJ8H EPJDH12AYCEXDIW6JPH56PO', to_date('2006-10-15', 'yyyy-mm-dd'), 'ET9QR6J9GEL3QTUAMM5K');

insert into EMPLOYEE (EMP_ID, EMP_LAST_NAME, EMP_FIRST_NAME, EMP_BIRTHDAY, EMP_PHONE) values (11, '7KL7PPOL1WGLVXIXAGJ72XKNIFGS0096FS PHJQUHC7K2KH2R6', '3392FEUNK7D5YE55C7JBNHQ396XC9HKRH9TON4PGUWI 5WIQ5G', to_date('2010-9-21', 'yyyy-mm-dd'), 'R707KBVR6HHNXRMH9XAG');

insert into EMPLOYEE (EMP_ID, EMP_LAST_NAME, EMP_FIRST_NAME, EMP_BIRTHDAY, EMP_PHONE) values (7, 'PN 96YU1WW34IKV6FH0C71NOU8DE7Y5N7A5QWNO 2R5EL MO9U', 'YXXL10XNV7UGKAVEQ7Y081UL0KIGUWN6G1VMR270N5QRS8NGII', to_date('2004-9-13', 'yyyy-mm-dd'), '04DITB8GWF76QE2PN1SF');

insert into EMPLOYEE (EMP_ID, EMP_LAST_NAME, EMP_FIRST_NAME, EMP_BIRTHDAY, EMP_PHONE) values (19, 'N8XT1Q3I6JL0ITHX7M07YJDFCPE3T638DQMD691JDHE80J9MCN', '5QL2NC1M6 NFSP4G4 XC9AIG9J66C9VHMEPXD120RT6RKDE8RI', to_date('2000-10-28', 'yyyy-mm-dd'), 'NNSEGVMLVUCG39TK840J');

insert into EMPLOYEE (EMP_ID, EMP_LAST_NAME, EMP_FIRST_NAME, EMP_BIRTHDAY, EMP_PHONE) values (6, 'KOQWG3D8JAMHS7JSOMKVYLG64BUJLJ8 ET24C2FKEK7AIK5QD5', 'EH4B3MEBBCEIWBBIDN5JUSGPIY CYKIDSX0W98J1QOEWX7N 2Y', to_date('2002-2-24', 'yyyy-mm-dd'), 'HAI0AU8271VTDSKEH2XA');

insert into EMPLOYEE (EMP_ID, EMP_LAST_NAME, EMP_FIRST_NAME, EMP_BIRTHDAY, EMP_PHONE) values (4, 'S6J2DV4N5HR0555Y098V9S7MR6P8QAP5FKLKMDF68WCKT477P7', '4KE4 RHR4PRTL7JM4Q61O0LPVXJML436JS0BJJPI1H2GR0TBLF', to_date('2008-9-4', 'yyyy-mm-dd'), '4EI SWO4Q5P16W7SN36R');

insert into EMPLOYEE (EMP_ID, EMP_LAST_NAME, EMP_FIRST_NAME, EMP_BIRTHDAY, EMP_PHONE) values (0, 'P649WRLO3AANGI4FBT9QWMA98TL7Q89QISVU90X7PWED7QJ07Q', 'BYA0YOG3M3PNJCMRAWX0LBVJF688LARGD2F6LFRQCFYPA2LX2J', to_date('2009-4-9', 'yyyy-mm-dd'), '6RYNCEO97U9OX767WWVV');

insert into EMPLOYEE (EMP_ID, EMP_LAST_NAME, EMP_FIRST_NAME, EMP_BIRTHDAY, EMP_PHONE) values (5, 'VI7ANYKM87PFWLTPSRT032SJ5EB1DHXCIOR4N8RV6AWRTFX SO', 'EHBVRQLRVONKUADLN33IF37G TYQTNI0TQUHURQ7 MHR67LX2P', to_date('2014-3-24', 'yyyy-mm-dd'), 'DGHRNKI1DU L9BVNP3H4');

insert into EMPLOYEE (EMP_ID, EMP_LAST_NAME, EMP_FIRST_NAME, EMP_BIRTHDAY, EMP_PHONE) values (3, 'V1FHYN54W9CYJUVJSSM9JR80TX8QJ 8MJ3AL10LAWV8EBL3W9J', 'R47DV9UX 9J929KYX7E85LFOF73GLM9DS3RMF16DJA6VFGHP2P', to_date('2000-1-1', 'yyyy-mm-dd'), 'EALV8FOVX6UW0BJPBT3X');

insert into EMPLOYEE (EMP_ID, EMP_LAST_NAME, EMP_FIRST_NAME, EMP_BIRTHDAY, EMP_PHONE) values (12, 'Y5WIWDR8FYK323OR4F6G53 2RPU5UVXD2W3K3QTOPG8XRWYAC ', 'MQKANXKVY58BGV3WVV356XO52LLU0YLBRNVNJSSB7COXAECPC ', to_date('2009-11-28', 'yyyy-mm-dd'), 'SOKUHLLV50J4IM4 4MJI');

insert into EMPLOYEE (EMP_ID, EMP_LAST_NAME, EMP_FIRST_NAME, EMP_BIRTHDAY, EMP_PHONE) values (17, 'J7N5N6GOTRRAQNAKVBQPELYI9C8D6KS1U6VCOTGOHPFLPA89DH', 'R 05ONTN 5E1DTFDPIAWVWEG28BDUOE1IQ F717YVFIDW6IEJ4', to_date('2007-8-28', 'yyyy-mm-dd'), 'Q8D2WDEX37D2PC4XGLXJ');

insert into EMPLOYEE (EMP_ID, EMP_LAST_NAME, EMP_FIRST_NAME, EMP_BIRTHDAY, EMP_PHONE) values (14, ' 4C6A6YT9 7220N19TXWXVSWRYJ8NFR0279FHH7KWC69T6B0D0', 'J3K7V5TX84IGTEE3BCMET8X F9NDTPP9CWCJJLJ3KA V3QOHUP', to_date('2006-2-23', 'yyyy-mm-dd'), 'MVHR65FLUAV4QCLCSD O');

insert into EMPLOYEE (EMP_ID, EMP_LAST_NAME, EMP_FIRST_NAME, EMP_BIRTHDAY, EMP_PHONE) values (16, '5CEUBY3KTXHI17E6VL3XNSSU2EFEGGBVXOI2UN94 FPSGHUNLK', 'RJJ V 0HHXWVN UBFHSPMWXB1TSKVKVQ6TDNNNM834BG0KLSRC', to_date('2003-2-10', 'yyyy-mm-dd'), 'I6EFEA 1MC4JQ8IE0AI3');

insert into EMPLOYEE (EMP_ID, EMP_LAST_NAME, EMP_FIRST_NAME, EMP_BIRTHDAY, EMP_PHONE) values (2, 'RY9W2COFGI WSOL3TWI PK4JCJKGSMPV3V9ED1KVD521W3BI1N', '4FMRE49VJFT4B1CD9JKI34YSPURAR36 0II7O 08XNM3LNC 7X', to_date('2013-6-25', 'yyyy-mm-dd'), 'EQ VMS3BAHUCK OVKT91');

insert into EMPLOYEE (EMP_ID, EMP_LAST_NAME, EMP_FIRST_NAME, EMP_BIRTHDAY, EMP_PHONE) values (9, 'O0DD9LEW7X7I6PTY7YXM20RW7QEBYFUJ0 PE2PXWGSJ3UXJCUF', '55W4AHPF4Q1J81YMFXXNDRMKNML 6 8W7CXN3EYFNKLP7QIEVR', to_date('2010-4-21', 'yyyy-mm-dd'), 'JDR9CWHQF6AU1FREVEGD');

insert into EMPLOYEE (EMP_ID, EMP_LAST_NAME, EMP_FIRST_NAME, EMP_BIRTHDAY, EMP_PHONE) values (18, 'H29P6B3 JS80XMHDQU3K3HP4UNA033CTAV4I9RUX3HM31Y9P E', 'T79 ACKXTXKHFIW0PJ7E5Y5N5NAWABKPN6E2O4BG9O 6VRK880', to_date('2011-11-26', 'yyyy-mm-dd'), 'G46R1JN61IL9KWG5ISSQ');

insert into EMPLOYEE (EMP_ID, EMP_LAST_NAME, EMP_FIRST_NAME, EMP_BIRTHDAY, EMP_PHONE) values (1, 'MKYKO7NRV555 85VANNKPWCQD6YEVQH4QPQU9D0HQ5KEH0EC7X', '6Y24OX1TC5WSKX6I8UHU4QGXSGQGW81PDAGVLL022NY45RPH1T', to_date('2012-9-22', 'yyyy-mm-dd'), 'JIS2C NONQCUFRN5HFV1');

insert into INGREDIENT (ING_ID, ING_NAME) values (17, '225AF0OETU3EPNF6XG60206EQC4C7M3GVISML39I57QS0W74 E80DB2GHN7KNLI36U9OV0WJBE2N9APDS5NVHXSVXVUA4Y1DBEYL4D3B1CH3D80UUK1XPAAVF169JFV5WLRW0FCLF7WL4QACVNKW2GLPPBXQGB39T24J 27YR6Q31HQOWMXXF5TGO2AABQYE7K0TAV70NR WDVHF7TEKDSY4NS0YCAM4I WHX1Y60I5Q8VT7EOPRCE6K45C5GCC');

insert into INGREDIENT (ING_ID, ING_NAME) values (13, 'YHFWQPG4T04BQG6YFCX6VIPLNX 4RFVFC43H26NB73J EQ29H6BMNT0F357OYSJ6LPETHPS9IYTAQGJ MBUE91EUH5 VEVNXWSVHDFQNUO3W0U7I2ILF9OH3ELK35Q51F96NH9 94JTX1WD9VQV3O1MH8FGAOBOY7880 WPWA2F2 C L294EV9R9DU6WU8H164 RHTNC46NLCRN0HMWRN5LS0CJYWXHT7MNP0ADHC A86HL  OY97EEFDREYIMA');

insert into INGREDIENT (ING_ID, ING_NAME) values (10, 'S1PI3XCX5JXDBTLQ09J6F4F3KG3VYSC4GDM2Q1U3B7O L11NMYLOBFFBMAP5K7UVDPXY LBDVT9GG2GLFJJLKJGB3P8MVOP45LF P68SSOW8THAE0HBDBA81FIKSJHA2ED81BUP4416X1BTM136G7XB16DWERCOKRBQAQ0PRU0VB3X0H4NNLH12JVWP97DU5YOK HJXS3N5BH5QS19JMVPMG3KQD62F0OIPIINYXWWD168I2G0WHMDUBHU WFCX');

insert into INGREDIENT (ING_ID, ING_NAME) values (9, 'XOVCFD 0IGN7NPSQG5V4DJVFBNYT68LLGQM0J4N6LVNLM7UITYOVKYHVCB6SMGIFPOLHND3CUDLTF7UTLN72KRVDV5NSXH9AHAJUU855N50CUWNBX45VYA5 3WC U6DR9I3GBD5YYHF OWIJM83UJIQHUC9SB T857RWFYQ0FO7T F2P3XJQ7UJILA6XFV TWB05NQ19E0O6X8FWF5VK3AUEGJXEGCKI S6DOXIIUV0RTJ0YFUEPFEEBA 3HRET');

insert into INGREDIENT (ING_ID, ING_NAME) values (15, '0FOJ1CD29CLCG56QGH2BRL596HJ9R LAS1Y9WLB1V7MOGLFWTNVSN66YQ63W1R1 75PE0LM4EDDX8W557OASIULEF5MFH1C99V0XOMPFSFCXL2QLLXG9TI0WKR41GTNYTU0QJ4FINL1FK74ROGI1C7L875L0OAM9JIUMFP9AGT02HJPK1XMW323H713D4TISSUPAI554GMRCXJIAXQYFCGP84SP5 V1LRJSA9BMQM9YSTR0OFUS8PW7FFGK9U5H');

insert into INGREDIENT (ING_ID, ING_NAME) values (4, '1GWD7ECO9SK7PAYAUFXDR1 WEAQTHIFN0L PEXEWBI46DU0VCKA EIKMXM0LL2OWPRD464XET42J 6 W38Y DILP68955W21T7DYTKFR5S81KB1 HOIOWS62QM7PQMVJC3 KF3L62E6E6KLA8V9H1BL4J34JR8HAR8TD2VBBTO0GNI4JIL5TSDAU1Q0YKWJQYC3SM9KEX3K S CWVDR53HUO FI9F4SX7TSB00K6FXAUC417BKDXPJ0OKTXUHQ4');

insert into INGREDIENT (ING_ID, ING_NAME) values (5, 'C4XHEY2KYP6AYVD8P79WOCLOEFC63SQM2UMEM5O3JLPE6WF17BCVXM3WVK7XGBIINUQFJ4FR9930GU9R3UJKB3PWQDFED N580S5PD3D DR9S25V9F9TD6D14QRIBI33HN5SRARU5YUU6SM 30R6R7DUQTRUUM00KHY5C6VCOEA6N4JVJ11V6E60QARNGWVQ6L4S66122LUC95 E2BXPAYMDW6XSSUFBLJBVYG8H9R015SCQQ2 7UVTWGY4UGUP');

insert into INGREDIENT (ING_ID, ING_NAME) values (18, 'VK709FYN4TJ2NFYA10XKJL52S8G0Y191QEYHFCNUQU0488CSR1XUICN2AKY32A9 DYIQIKBK7VN ERO3EDIQLX4PWA4MMV0FEK0LCWQWK2BCK9JNP6IXY6989S1LSKIIM51OC8G6019KO DCJ38XB O5305UG3QP 4ICNG32X17WF7L6VC9 7AU6DEDX29HQJHTR1I2GRR7A39IJWMQ6N15E5Y 8QYJJKPQVXDQJ9GTIOHA2 72BF6W5P6PXA I');

insert into INGREDIENT (ING_ID, ING_NAME) values (16, 'GHSEDE0BT6WV2S82PKW50YRB1F3NW7911UBGS7H10IFPCOYVMB BNBUI VC9XJQJ3DETEQUX6FU2FB3LA1C7F7GJ5Q JG2BESYLYA16YM6J06A33INDXB1P9 XORS81VIL3LATL1Y7G49UH2CBY00TSK9FLOY2X7XIL00GAY360B5VS729KC29T7YGGFTD G118RV EE5S5X3YK0BX68RP SEBGJ HCM2PUW325YLYEQ1AGYYWAF56LW7JEYVG3');

insert into INGREDIENT (ING_ID, ING_NAME) values (19, 'MK4NVM0T54TTTUR1D7WX16BT 6QL2N0D9C4GG7UNESIWS1W0LHUOLEF1EJRTLAGE8IOMXD7 0UISM W2PIRN2AJIGNIGQJVB8DX0WHD58VA4OULWVCUHR18MB86F2XWFQN50HKCH6QK0PIG909HBHNTR1B 4JQU 6ARJ2KPGVJ76WOO 1T7VDV7CN5EIK2P9XFE3J3QGBQ8UVU1URWMDYA2T1A 2XT5L8NSN7MDYA RRM91PVMNK96KN0KITULF');

insert into INGREDIENT (ING_ID, ING_NAME) values (12, 'E8PUROD7GL966I RG F7QNPPE93UBVVI00NNF3BGIWTWXES10M0GQWP KFA2M3U WJTD9X91MR8LDHC9A6DPW7XOQ1TDCVI6INUGE1RHFNA2DC0J9 RE35RMIIN5N1NXB6NDGS70J 47C2XM BP6RSHDJ6 X7USVUSEUNTNHM 27723XFA2RUG35IAED7XB7O1KQOA2FBXT8G67HPXX4T1ER3 OBEABUCIW0SP31EUBS3MR0V8OAOQ R1BWR0FQ');

insert into INGREDIENT (ING_ID, ING_NAME) values (2, 'BIJGUQ094KSSDM33W400K 5792AFVW77USGHKUIR6MNQR4N96K2VASC731PXXDU78WINLXYODEAYT7Q3JE2H0PRXRQDBF90 2HSSMEHTHODILY79BVLDGV82C0 SY TKHCC2E4NRYDKQ92D6I83BHY03PS3VBHPRA74WVJEWYDFA8QX0RQ0F44SA7Y8BF6L6 VX15L4D7MC2YMXRDQM0I5LP0HR6D1R5Q8JGGTL453QA42V7CK3R09X6TB0SFNX');

insert into INGREDIENT (ING_ID, ING_NAME) values (6, 'VA3MF77YWWRTEKROUAMLK49NB3I6SX0584DQK BS75OS683N2HA3NFG2JV3D1HO  C BNH94ACWONAVIWV1KHSPUYW5MQTUCLPWSUMMB8HHH40HD90BST4E3KJRWCR2ICM3DJEL6WBL38VTRU6NIQKHB4U3 LCKAA7MBF SXW7D9TFBM2AKDIDCF4IAMIR0RA6IPGSH6N50Q3H 96VMXTY QVVKIFCOGXWUHX9EXCUO3GXAH66FNHWX FX65WLB');

insert into INGREDIENT (ING_ID, ING_NAME) values (8, 'ENFQMB2TMXMOUOT9EV2MUQ 6AOCC1S67VMGBXG2J37HAEQGHKS1UT 1D6AHDJ8V7NTDS2F5VKO1R3W51YCCTR 5JLM9LWPMOYX6DQMIQPNNI4RGKYMR8PQJCVYCDBWMHAKJ9EPFHJ87UN737BLTVNJI T7 3WS22OYSRJLB3JBD8OBXN9WNIH M3J765LNGDH9V6GHR KJF17IX4C24Y1XKYMGH1C1BWIAHTGXJ6WC9S2HAEKBM2YI4A1C66WTF');

insert into INGREDIENT (ING_ID, ING_NAME) values (7, 'N QV1OOK67 GX 9BPCQCQW4AF6W5512P6G 1A6SW2JFA1N1IWH40UDI95S30GB65K BJYWMQEFGNNNDHB623CSM9T4KXPBV1FYONIRSHBRO2CF32U3 O8GQTBQSUGF3PW8VBFI6NGUERRDA5V70IINEH3M 8E 2ON0F38U0Y0CQMJSCUB 4 7HG1186C59BMVXP8HDQ7OFN4EVXGP916C0 GOC5 GDNFC1TMRL4GQLSH0Q D099T37EQ07IP0D6');

insert into INGREDIENT (ING_ID, ING_NAME) values (1, '1ATORPW6TWRNI5CR6QO48KVD6KFMML98NI2YWXL7MJ9HPLNPK JMIWUT5F2ML0VHID34W3XUCGTB84GOHCBO9AR085KE230U4PJF8Y0WL0MYVMHOWXVXWY6G2YQQ6OBJ4WHV37UL647 3YE32FIQE7MXKFV1PNE18WEBBOFC17HU0 PKC WCE9HJQTMM4XQ5G57AD3JU98VMEOV06C4Q8G0MQT1JIGQWSM66FC 32P5BN08LAQPMV6GUXPMMM9P');

insert into INGREDIENT (ING_ID, ING_NAME) values (0, 'MKU057AEFXNFLWY2TH ILWRW2R97GVBVY4UT58TCCCLC0VKIERDU MMEKWT4FCNBR293VLU9P3NVTYVNF7QHU 8TS571RQE3924RS1BLN0FE37 H66HH3K10IGU2DGM4V055809JK53QOC1UA2HEEMKQRXMP1JG7DXG07KOC6PA27P5KMH8571BLVT U8N35R SGLFM3E0912CJBC7N4REW5GLXU95PKDKC1 06SIKQOHXEPX68 1WWVESYD82K');

insert into INGREDIENT (ING_ID, ING_NAME) values (14, '0R3XPSCGB110CFS 91E1YUFX4W63M02WYSATS75LIS8VYMWKDQ6NKRJO4DMX27F0RNWT35RT2V4NOMXHD9U4S5DT2K6KO958PPXCSF79MMV87Q61H8X305R22I2MTDUXYQH9EJ57QQP K1MNUH7PYN972HNA7KUGLOUYXSXWS53W8GUOH4FPVC 0 2F81K19NTFGS9IP61MD1M4KCLP8BRRAK33PUX2S QT6QUJV4Y1GA ESAL44942WLRGFN06');

insert into INGREDIENT (ING_ID, ING_NAME) values (3, 'IF8S606ATSNAMNR8U221K6H PMGIQRX9 NF806PRX87DY6XW9DAYGTNBN6VEG1IXOCR6Q9MJMFXL1EBALQTG3E9INO GVMIC8YVVYPYVD9G9 7HXFNFDDKNNPG32Y4CG7YPOTBFONIQXGUQ1EI9MPC2HSRQW2J9Q9NK31ANK UVAM39I5KOB05DEYQQP5BAF3CWURBYQXVF670WTE2CQSUCH9D7DP87DC4KQQFF3233MG5E6T38A NHGTPI1RIL');

insert into INGREDIENT (ING_ID, ING_NAME) values (11, '1S1NR92 6 WWR4G7F5MIJ693NQJCXSTTN64H332B7EN6XI7L08MQ7FO857NNFX41 B5Q1LPW0WIIKH5K4TVO7CEQLEQO2RY6I0 B0LOY49MSBDH KR3FJ0BACJBWJF3XD48GPI1JP705Y4ODRXYAG3NAEWY6RKTSDJINU98FKIN0F5R6U9 X9T5WER JQDS0X6CODB788XC5UE3JLNM9HVU5PFPDLM2N602JEM8ATCUIGDDDF37GSIAS78CAPJ4');

insert into DISH (DSH_ID, DSH_NAME, DSH_CATEGORY, DSH_WEIGHT) values (5, 'DR2IDPID6J0KLBBE96K20MSVI7FY9PNC85UTUQ6WPHWT43MS7606U7NYTMKCNY8SKNNVPR9XLPXOHCJDMXL7LVVC6TI1X47QEEE5PVVBL7BVQ43B6O1EW LUICPYK42U3NJLCO6SP6RJR5DOTQJC5K 4X04GSHFO8U1IYLD 9YH84UEIUMU3J99TXQ99MGUNPJELKMQHT18W98BOR 702GPE7J5JTW 5OHN03EHQ92CVC190DNG F3JCSPDU CH', '6H47APTRFIYG5U4I5KAXIJOAK1B7M WQ WUGK3VQT95DQ CYF3BFBD6AIXE93DIN53 5A2CH9CMIFI637HJSHON7DCG43MHKWGLJUOGUMHHQTXIF51GO1L IV9NMBS 8B3NSX4U0K1XVSTSWPMLSCCN4IE3HS0QS8P71IQQMF14KJW U2TJMYENEM30DTNYR9QDAU1VNG59HG4M1BTVOSAF09DMU 6E4U58FFOIKMPM2AKOM7J8A1S23AV8D69F', 9);

insert into DISH (DSH_ID, DSH_NAME, DSH_CATEGORY, DSH_WEIGHT) values (11, 'GNKEA59Y3QVNXDMF8SLX87U4WXL05GY1PATQC55EUNEG81Y0YDYHEP0RB9QOTDME NHAKCR96RSPDVQ9QSYIJ0JURKUKMNTAA1W8OOBV50ATC7AFYY3Y402S80RBQ0NIH L9VYTOSOBQH5LT13YA DU P0I6SX0VFE9KNPT3 CIXLIAS6QAHEITY089WQMB7REOY28KNJULFX0OPJM 32OJ5WOBR06QG4EUPFP0U59GS10PX7U441UA52M6LEE ', '6H47APTRFIYG5U4I5KAXIJOAK1B7M WQ WUGK3VQT95DQ CYF3BFBD6AIXE93DIN53 5A2CH9CMIFI637HJSHON7DCG43MHKWGLJUOGUMHHQTXIF51GO1L IV9NMBS 8B3NSX4U0K1XVSTSWPMLSCCN4IE3HS0QS8P71IQQMF14KJW U2TJMYENEM30DTNYR9QDAU1VNG59HG4M1BTVOSAF09DMU 6E4U58FFOIKMPM2AKOM7J8A1S23AV8D69F', 6);

insert into DISH (DSH_ID, DSH_NAME, DSH_CATEGORY, DSH_WEIGHT) values (17, 'G03YNK Q6F053YS W4QX7TUYG2KGP4WJ7VH83OQWAXSWY3BS37WRGB62ODC 0T2GN0U7YBGGR2J3H9C  696HT9UGD2NVH2JSOPFOJCW76I7DQH82R0VJ056GC2LALU6O0WP5PFFBI7 T40OYJLN92TKBH32OY4ED1JYVOIVT7F7LG3A70TJXFX6RX0I2TFX0R 8VN6SDBBWX7MKELMPB3XVLM3GYU16N YSO8TBTT68M7AP8LEGQC43JKUNG31', '6H47APTRFIYG5U4I5KAXIJOAK1B7M WQ WUGK3VQT95DQ CYF3BFBD6AIXE93DIN53 5A2CH9CMIFI637HJSHON7DCG43MHKWGLJUOGUMHHQTXIF51GO1L IV9NMBS 8B3NSX4U0K1XVSTSWPMLSCCN4IE3HS0QS8P71IQQMF14KJW U2TJMYENEM30DTNYR9QDAU1VNG59HG4M1BTVOSAF09DMU 6E4U58FFOIKMPM2AKOM7J8A1S23AV8D69F', 15);

insert into DISH (DSH_ID, DSH_NAME, DSH_CATEGORY, DSH_WEIGHT) values (6, '4IIC1CII9WJOG0QJLC8PA0XI2EH0 509HQ GIIW84GBQ3YGLPGNERI0WI26QH5HDMM0RWA9N DRLQUGJ9BUOP55XYC9AD3TSHC213BTAOHIP4L751PSY2C9YG78C 8NOR8IF3U9ENQ1V9PL0KDAYX2Q4UKLTT731QMP82KN1 3R563WIY74NKSBDHCOWKCMNETS3CRG1FIYU5BUS 2XDBK8GILQ21D60D7W F6J0E1ULKFIS5TANUX1UNCW28M1', '6H47APTRFIYG5U4I5KAXIJOAK1B7M WQ WUGK3VQT95DQ CYF3BFBD6AIXE93DIN53 5A2CH9CMIFI637HJSHON7DCG43MHKWGLJUOGUMHHQTXIF51GO1L IV9NMBS 8B3NSX4U0K1XVSTSWPMLSCCN4IE3HS0QS8P71IQQMF14KJW U2TJMYENEM30DTNYR9QDAU1VNG59HG4M1BTVOSAF09DMU 6E4U58FFOIKMPM2AKOM7J8A1S23AV8D69F', 8);

insert into DISH (DSH_ID, DSH_NAME, DSH_CATEGORY, DSH_WEIGHT) values (14, 'HX821 78C OJA  F7IEOBS PUALBX8YX50B6SRM67VJ2433IJVRFI2CNIHIW0EQ X6X3 PVHKHPDITF32NXVNO5NOY5KV4UPFQKJO0UO6UB9955VVVW6FV2X02P3F1R15JS56U NIMKIC9Y1RCPFRYC4WTD5TVFBB66H4P9QW7MR3I22DEGMYFP7IWBEILDAWVA D57MFKPJ2E9 339OHXFMUNUA78L5RGR03WUHYE5C6JU245AF8CC8N269W1P', '6H47APTRFIYG5U4I5KAXIJOAK1B7M WQ WUGK3VQT95DQ CYF3BFBD6AIXE93DIN53 5A2CH9CMIFI637HJSHON7DCG43MHKWGLJUOGUMHHQTXIF51GO1L IV9NMBS 8B3NSX4U0K1XVSTSWPMLSCCN4IE3HS0QS8P71IQQMF14KJW U2TJMYENEM30DTNYR9QDAU1VNG59HG4M1BTVOSAF09DMU 6E4U58FFOIKMPM2AKOM7J8A1S23AV8D69F', 2);

insert into DISH (DSH_ID, DSH_NAME, DSH_CATEGORY, DSH_WEIGHT) values (13, 'DEH9TSVRT4 6IISN5EXNJ8KQ8HSONXEQ076IL532LCC5CJ21CPEMPVRIAL3NNUTDDBB7F6SC5U2E0YIW9J9FDT82G5 HFG1Q9NF3A7AT8LGCKSEMV8UA20DB6 2K YWIVWO 2T550DHD2857JU5K2OSQCSLCAPEYRJUOJT1L1QO CXD43ARLN99A6YIA7GPSYUF0GERVA DL9NTDQ51O MOKERDWG45AUUJWEYBB69FRHJCJ0XVA4R3K26GPQ08', '6H47APTRFIYG5U4I5KAXIJOAK1B7M WQ WUGK3VQT95DQ CYF3BFBD6AIXE93DIN53 5A2CH9CMIFI637HJSHON7DCG43MHKWGLJUOGUMHHQTXIF51GO1L IV9NMBS 8B3NSX4U0K1XVSTSWPMLSCCN4IE3HS0QS8P71IQQMF14KJW U2TJMYENEM30DTNYR9QDAU1VNG59HG4M1BTVOSAF09DMU 6E4U58FFOIKMPM2AKOM7J8A1S23AV8D69F', 13);

insert into DISH (DSH_ID, DSH_NAME, DSH_CATEGORY, DSH_WEIGHT) values (15, 'B9DY9W7UQGHG0N 1O0TWS01RWO0N8MMJ5D14 C4NGB9MXAO3D3REOJ31O4TH4KTWPT7423Y7DD3V3TJXT4M9EITGJPX6YYN8EN2PJDA3XL7P6KV0OAW3JKEOO5HME2JO4AJ9EBX31FMBUS614AY3MCAMTJDB544GEKDVR0 46O4KTN8VW3W67C976ECFW8D07Q39OCUAELBYR65HA7MWXYDNKOTTFDHX2FYRA86S7RKNHCA13HUFFHV98O1YIH0', '6H47APTRFIYG5U4I5KAXIJOAK1B7M WQ WUGK3VQT95DQ CYF3BFBD6AIXE93DIN53 5A2CH9CMIFI637HJSHON7DCG43MHKWGLJUOGUMHHQTXIF51GO1L IV9NMBS 8B3NSX4U0K1XVSTSWPMLSCCN4IE3HS0QS8P71IQQMF14KJW U2TJMYENEM30DTNYR9QDAU1VNG59HG4M1BTVOSAF09DMU 6E4U58FFOIKMPM2AKOM7J8A1S23AV8D69F', 11);

insert into DISH (DSH_ID, DSH_NAME, DSH_CATEGORY, DSH_WEIGHT) values (9, 'W2R2GSEX1O70GS1AUM50MD5DH3530XCOTS49 CJDKEFJVG 3CRWC0I3SYF9RRJQLQDG7Q58Y4J8X0EWW6VSWSJC8H7JNO793UG 9NJYJJQWLNHC73WBHQ8T5YTX4UUHTI7EOFP36T72U9LUS2ACNCFE9I9TC3DSP8ETFD1 75NTQXQSO407TSXTKE  9TSLWO9Q8FURAVDL2FUG8LMK4TLPC02KM425WNK1O8JLCG4BH4 32S5KHWCN6X06VP8K', '6H47APTRFIYG5U4I5KAXIJOAK1B7M WQ WUGK3VQT95DQ CYF3BFBD6AIXE93DIN53 5A2CH9CMIFI637HJSHON7DCG43MHKWGLJUOGUMHHQTXIF51GO1L IV9NMBS 8B3NSX4U0K1XVSTSWPMLSCCN4IE3HS0QS8P71IQQMF14KJW U2TJMYENEM30DTNYR9QDAU1VNG59HG4M1BTVOSAF09DMU 6E4U58FFOIKMPM2AKOM7J8A1S23AV8D69F', 0);

insert into DISH (DSH_ID, DSH_NAME, DSH_CATEGORY, DSH_WEIGHT) values (7, 'H6M023IGLK89C55S3B5OM634VVXSC C OCBFJW7BH J3V6FLGWRU1DSHLPFT31ICRGYDX93YSNHX LYEMDND0WF1PGO1XJUIE IDWFO5KPWAFGT2DSX0LV1YXBDNJWIBFIECYBII5FB1PG8COBCWL OC7NOBA2OF1TLOAG5L47NJ5YDVVA3JPNE6SYC0ESJGNRK3X37UEMFHUXI8I7 X9XCD8VO7TDEW0HDQN39M5GP1M1UTIPBEHHNRB9HOATH', '6H47APTRFIYG5U4I5KAXIJOAK1B7M WQ WUGK3VQT95DQ CYF3BFBD6AIXE93DIN53 5A2CH9CMIFI637HJSHON7DCG43MHKWGLJUOGUMHHQTXIF51GO1L IV9NMBS 8B3NSX4U0K1XVSTSWPMLSCCN4IE3HS0QS8P71IQQMF14KJW U2TJMYENEM30DTNYR9QDAU1VNG59HG4M1BTVOSAF09DMU 6E4U58FFOIKMPM2AKOM7J8A1S23AV8D69F', 5);

insert into DISH (DSH_ID, DSH_NAME, DSH_CATEGORY, DSH_WEIGHT) values (12, '636L61 18TJ1O5MP2 MWQAOI1512OEQ5M89BDFY7S4 IFTOF7DW23HK3U4CBWEHPG 84P UHF3XTJVSCFDOR0KROPVHMCFYJS6S8XM5N20S2UA9VU 7EJUNJ2CVXGCU1PYTB900GNI2YHU1EFHXW0F5X9Q4O5UDN4RBK9N9PYDFR 1QD2FFR85Y8KK VOBGTV8GRYSDBPSP7DAKBKMG1EOCS3LD2P0Q2REJ5PIG4H5VK MHPO8X85F9 XXB9BXE', '6H47APTRFIYG5U4I5KAXIJOAK1B7M WQ WUGK3VQT95DQ CYF3BFBD6AIXE93DIN53 5A2CH9CMIFI637HJSHON7DCG43MHKWGLJUOGUMHHQTXIF51GO1L IV9NMBS 8B3NSX4U0K1XVSTSWPMLSCCN4IE3HS0QS8P71IQQMF14KJW U2TJMYENEM30DTNYR9QDAU1VNG59HG4M1BTVOSAF09DMU 6E4U58FFOIKMPM2AKOM7J8A1S23AV8D69F', 3);

insert into DISH (DSH_ID, DSH_NAME, DSH_CATEGORY, DSH_WEIGHT) values (4, 'XEH2LCKA0T74PN 24YMUGGNAA1U33 UCYE0NF4MB 4VPXI1H3 HHAQBQ4A11NNC6P8U4HL2L QG2679O85R7VU8IYHCPLKQ1V92D8T0X0VIVTQU58SPHX0W6DB0R3H7U1S2KK8GO4PUUTHT3O6U1LUQ VCH2WGM3X0IWYO3XD8KXNA0DCG QOERT23HM72O 80AUFEGEUH27BC HXN6ID4 7JY3LT7UBPUPYI1UGO91WDC4M7RUJJV C 9LA07E', '6H47APTRFIYG5U4I5KAXIJOAK1B7M WQ WUGK3VQT95DQ CYF3BFBD6AIXE93DIN53 5A2CH9CMIFI637HJSHON7DCG43MHKWGLJUOGUMHHQTXIF51GO1L IV9NMBS 8B3NSX4U0K1XVSTSWPMLSCCN4IE3HS0QS8P71IQQMF14KJW U2TJMYENEM30DTNYR9QDAU1VNG59HG4M1BTVOSAF09DMU 6E4U58FFOIKMPM2AKOM7J8A1S23AV8D69F', 14);

insert into DISH (DSH_ID, DSH_NAME, DSH_CATEGORY, DSH_WEIGHT) values (8, 'L5D8X9OB32BEEV8JJYML5GXB418K6NTC DGMP9RQ25DE9FJ6R00DR0Y61FYWW47I96S0AO5QO7 K762PE8ME1L L9VIR89VIWG0PV45PWFNN3S2O9I24Q4JDM5SL3KTP05ODUSFWF6QSWG7BSRRDS2I5L3O2LYD8E48WOF29KPJBUWJO1X65AE58BIW80YB3FE0G29LJAEAV9DLMT LTGM7SL94CPKUX8YAKT3WB7M2DLO6QIY70PTRSW8XYACI', '6H47APTRFIYG5U4I5KAXIJOAK1B7M WQ WUGK3VQT95DQ CYF3BFBD6AIXE93DIN53 5A2CH9CMIFI637HJSHON7DCG43MHKWGLJUOGUMHHQTXIF51GO1L IV9NMBS 8B3NSX4U0K1XVSTSWPMLSCCN4IE3HS0QS8P71IQQMF14KJW U2TJMYENEM30DTNYR9QDAU1VNG59HG4M1BTVOSAF09DMU 6E4U58FFOIKMPM2AKOM7J8A1S23AV8D69F', 12);

insert into DISH (DSH_ID, DSH_NAME, DSH_CATEGORY, DSH_WEIGHT) values (0, 'BJS8 X79VKSW0I5ME7W5KMJBWAEQYGEBIQ1VPHHFDDCQATMLSMVGQVWTNKNYE2BOKVP83UAIM5RD GH7W4 1XDJJA41VR79CCO 6QEI1C7JJ3KMYGQDQW3NAW2JNO0XLGI IHTMX E8W0DJRY78AO9X4A38E5UI CDWWJSKKRBD AB6XPUPDK7LN4M74E8RJ6YY C9UNO6L8T 16SO2H5FFSRPJQYTYPXME8MAHCJTJ2T46N2CL5AJQWF0E0OEV', '6H47APTRFIYG5U4I5KAXIJOAK1B7M WQ WUGK3VQT95DQ CYF3BFBD6AIXE93DIN53 5A2CH9CMIFI637HJSHON7DCG43MHKWGLJUOGUMHHQTXIF51GO1L IV9NMBS 8B3NSX4U0K1XVSTSWPMLSCCN4IE3HS0QS8P71IQQMF14KJW U2TJMYENEM30DTNYR9QDAU1VNG59HG4M1BTVOSAF09DMU 6E4U58FFOIKMPM2AKOM7J8A1S23AV8D69F', 19);

insert into DISH (DSH_ID, DSH_NAME, DSH_CATEGORY, DSH_WEIGHT) values (19, 'BCBH2C528WTTOPL6V66JP5EBQ1XYPL WLYQKTV6P95B5A7H4SK59F4XKGDFGF4NV644XQPX SD79YDYNRGW3HY9COY82PXQ65VH0WP32MJYXNGEXJRPF NP4C2N40WMSX5E6E1KOWCPWB2CO9BIPWFMSUTNWNAY5FK6U53B 98A0O2F2INWC4VOV 3VQVLG8VKPI1LISOH53HKIW936UITJE IM0UL2KYEMORGHCK4G1C KGVR7QPD6VEJU2NBS', '6H47APTRFIYG5U4I5KAXIJOAK1B7M WQ WUGK3VQT95DQ CYF3BFBD6AIXE93DIN53 5A2CH9CMIFI637HJSHON7DCG43MHKWGLJUOGUMHHQTXIF51GO1L IV9NMBS 8B3NSX4U0K1XVSTSWPMLSCCN4IE3HS0QS8P71IQQMF14KJW U2TJMYENEM30DTNYR9QDAU1VNG59HG4M1BTVOSAF09DMU 6E4U58FFOIKMPM2AKOM7J8A1S23AV8D69F', 4);

insert into DISH (DSH_ID, DSH_NAME, DSH_CATEGORY, DSH_WEIGHT) values (1, '8Q23U1 QHQ YSR2RK5JKIDYMFAC5E86XTRC3LFQUIDP286RCKA4IS082M1 SFHQSEVR4HDGNC4MXEWCTDWYW635WNH6QM5WYODQF7AB3E0X985CRCX99AVYN4UIHK W2S CUCHO9KGKGT3M HU2STO7 ASCCRI60HUIWL46ECBAL7S9C8G7CGMNRVBR5S9HS FWSPAS RUKEH5O MY7GXQFY5XNGANUJ2O1BF1QJAOP8T2I46 G8 0UQXFQHW K', '6H47APTRFIYG5U4I5KAXIJOAK1B7M WQ WUGK3VQT95DQ CYF3BFBD6AIXE93DIN53 5A2CH9CMIFI637HJSHON7DCG43MHKWGLJUOGUMHHQTXIF51GO1L IV9NMBS 8B3NSX4U0K1XVSTSWPMLSCCN4IE3HS0QS8P71IQQMF14KJW U2TJMYENEM30DTNYR9QDAU1VNG59HG4M1BTVOSAF09DMU 6E4U58FFOIKMPM2AKOM7J8A1S23AV8D69F', 18);

insert into DISH (DSH_ID, DSH_NAME, DSH_CATEGORY, DSH_WEIGHT) values (16, 'L2Y50H9IS1VS3BAQ4YL3JGBMDH3H3AG9ERY9 QRXNKWOQ7IKKL72T4EMEQM3R68SLKU610A051M GQAI68O18W 3C12MPBCB C5JO5H5H4B4934ERHAJJMLI2BXWQFOAGKVOY4V  YPCSMEBDLNT77SNG21HAD4E66CSPSWE79UKDLEK6AUXBNXKL8QQLYFNCOCSB6WLSC8K FCTISDPMWBLRCQTD08BE31FV961JXRX8FC0UW3RJ06DBG3O3I3', '6H47APTRFIYG5U4I5KAXIJOAK1B7M WQ WUGK3VQT95DQ CYF3BFBD6AIXE93DIN53 5A2CH9CMIFI637HJSHON7DCG43MHKWGLJUOGUMHHQTXIF51GO1L IV9NMBS 8B3NSX4U0K1XVSTSWPMLSCCN4IE3HS0QS8P71IQQMF14KJW U2TJMYENEM30DTNYR9QDAU1VNG59HG4M1BTVOSAF09DMU 6E4U58FFOIKMPM2AKOM7J8A1S23AV8D69F', 10);

insert into DISH (DSH_ID, DSH_NAME, DSH_CATEGORY, DSH_WEIGHT) values (2, '0VY1641UJHDRWE1EBUYAG6YMRU4C0VBIIIDABHM02PIXOFPF8ATN07VOY1HECHEU 7Y8Y 2M JPF2WWAJ5VAD0TAES5MXBRDTXUMWBILVEUQR24P9I P9O 9V3COTHE9OYRPTV4PMWFS8UWBQONS7UICE6QRUOFNKKV22O1MDTDYORUNJ1TVIWL78CJENBUIQ9XQVFI M16Y42H6M71O9TGD 3KIMGTQPR857ESA1NX DNI94WBCAAECI23HYRH', '6H47APTRFIYG5U4I5KAXIJOAK1B7M WQ WUGK3VQT95DQ CYF3BFBD6AIXE93DIN53 5A2CH9CMIFI637HJSHON7DCG43MHKWGLJUOGUMHHQTXIF51GO1L IV9NMBS 8B3NSX4U0K1XVSTSWPMLSCCN4IE3HS0QS8P71IQQMF14KJW U2TJMYENEM30DTNYR9QDAU1VNG59HG4M1BTVOSAF09DMU 6E4U58FFOIKMPM2AKOM7J8A1S23AV8D69F', 7);

insert into DISH (DSH_ID, DSH_NAME, DSH_CATEGORY, DSH_WEIGHT) values (3, '69TJ5SM5XOW4J  K6H07D9MOG03Y3MM1IJF9X7QV9S5XNBAC2FLVRMSN U5IGC1NEWP76Q1CH XWNIEJ10UWTJEM4RAN7NOKD YSWHIWR2 8AGUY1I5GA1S1YQVSAVU3UQMXMBQ 364MTVQC I 9DUVBG19W22LH6D944X  FRC9S9VIOV2ILJ8UJ93GE5H4LDOCRQ8DNHVW7VSCTP70YG66162GFPUBAKQ35 0OIC VGPJQ0FE0UOKSLY4HS8N', '6H47APTRFIYG5U4I5KAXIJOAK1B7M WQ WUGK3VQT95DQ CYF3BFBD6AIXE93DIN53 5A2CH9CMIFI637HJSHON7DCG43MHKWGLJUOGUMHHQTXIF51GO1L IV9NMBS 8B3NSX4U0K1XVSTSWPMLSCCN4IE3HS0QS8P71IQQMF14KJW U2TJMYENEM30DTNYR9QDAU1VNG59HG4M1BTVOSAF09DMU 6E4U58FFOIKMPM2AKOM7J8A1S23AV8D69F', 16);

insert into DISH (DSH_ID, DSH_NAME, DSH_CATEGORY, DSH_WEIGHT) values (18, 'IA IHDMLFNL6XCMYJSTRC05 8W AMHWG4L 81YHV5NQ3G48FQJRMCNHO2FWTFYQKL26AXR4DG0MHAEX3ALLFYE6IXMQ13 HWEHG6R4VCY2DCW6UN68TSJ7G0FTOHATQ03J1MRPVMB5BR5XXKIJAG1JCD998U73T58TDGLN1Q7G6 KGYUAL4EY6NH349YKVT6DU7OJH2VD1UF51D8MDNNBDXSPEUTNLOO5 KGD4EUJYKOEAJ2OOMGMPKIT4AL933', '6H47APTRFIYG5U4I5KAXIJOAK1B7M WQ WUGK3VQT95DQ CYF3BFBD6AIXE93DIN53 5A2CH9CMIFI637HJSHON7DCG43MHKWGLJUOGUMHHQTXIF51GO1L IV9NMBS 8B3NSX4U0K1XVSTSWPMLSCCN4IE3HS0QS8P71IQQMF14KJW U2TJMYENEM30DTNYR9QDAU1VNG59HG4M1BTVOSAF09DMU 6E4U58FFOIKMPM2AKOM7J8A1S23AV8D69F', 17);

insert into DISH (DSH_ID, DSH_NAME, DSH_CATEGORY, DSH_WEIGHT) values (10, 'U6LS3DVA6H4VGDBHFKBX8Y9PF83BJQOHI6VG3DIT 0BINPJ2 IYUIXG80S5S6WY47TXF1R6R3 AKBIUY2Q5V N5XFBXY36104VTVPGEPY9PEMFIIOHESKUK7GR0B2HF012H83U52OR1NXO8 H13O7MFDI WM19YNH9Q78XS01ES7SY4CSQJX4SQGPY0X3IYBK9DTF63FG4AASILBJXX5MK0BTNNKHR462W0B2M721 SCT4NHDYEA7R3K8306L1J', '6H47APTRFIYG5U4I5KAXIJOAK1B7M WQ WUGK3VQT95DQ CYF3BFBD6AIXE93DIN53 5A2CH9CMIFI637HJSHON7DCG43MHKWGLJUOGUMHHQTXIF51GO1L IV9NMBS 8B3NSX4U0K1XVSTSWPMLSCCN4IE3HS0QS8P71IQQMF14KJW U2TJMYENEM30DTNYR9QDAU1VNG59HG4M1BTVOSAF09DMU 6E4U58FFOIKMPM2AKOM7J8A1S23AV8D69F', 1);

insert into STOCK (ING_ID, STK_QUANTITY) values (17, 19);

insert into STOCK (ING_ID, STK_QUANTITY) values (13, 13);

insert into STOCK (ING_ID, STK_QUANTITY) values (10, 4);

insert into STOCK (ING_ID, STK_QUANTITY) values (9, 17);

insert into STOCK (ING_ID, STK_QUANTITY) values (15, 12);

insert into STOCK (ING_ID, STK_QUANTITY) values (4, 0);

insert into STOCK (ING_ID, STK_QUANTITY) values (5, 14);

insert into STOCK (ING_ID, STK_QUANTITY) values (18, 9);

insert into STOCK (ING_ID, STK_QUANTITY) values (16, 5);

insert into STOCK (ING_ID, STK_QUANTITY) values (19, 15);

insert into STOCK (ING_ID, STK_QUANTITY) values (12, 1);

insert into STOCK (ING_ID, STK_QUANTITY) values (2, 3);

insert into STOCK (ING_ID, STK_QUANTITY) values (6, 11);

insert into STOCK (ING_ID, STK_QUANTITY) values (8, 10);

insert into STOCK (ING_ID, STK_QUANTITY) values (7, 2);

insert into STOCK (ING_ID, STK_QUANTITY) values (1, 18);

insert into STOCK (ING_ID, STK_QUANTITY) values (0, 7);

insert into STOCK (ING_ID, STK_QUANTITY) values (14, 6);

insert into STOCK (ING_ID, STK_QUANTITY) values (3, 16);

insert into STOCK (ING_ID, STK_QUANTITY) values (11, 8);

insert into INGREDIENTS_OF_DISH (DSH_ID, ING_ID, IOD_WEIGHT) values (5, 17, 11);

insert into INGREDIENTS_OF_DISH (DSH_ID, ING_ID, IOD_WEIGHT) values (11, 13, 8);

insert into INGREDIENTS_OF_DISH (DSH_ID, ING_ID, IOD_WEIGHT) values (17, 10, 0);

insert into INGREDIENTS_OF_DISH (DSH_ID, ING_ID, IOD_WEIGHT) values (6, 9, 18);

insert into INGREDIENTS_OF_DISH (DSH_ID, ING_ID, IOD_WEIGHT) values (14, 15, 3);

insert into INGREDIENTS_OF_DISH (DSH_ID, ING_ID, IOD_WEIGHT) values (13, 4, 15);

insert into INGREDIENTS_OF_DISH (DSH_ID, ING_ID, IOD_WEIGHT) values (15, 5, 16);

insert into INGREDIENTS_OF_DISH (DSH_ID, ING_ID, IOD_WEIGHT) values (9, 18, 12);

insert into INGREDIENTS_OF_DISH (DSH_ID, ING_ID, IOD_WEIGHT) values (7, 16, 19);

insert into INGREDIENTS_OF_DISH (DSH_ID, ING_ID, IOD_WEIGHT) values (12, 19, 5);

insert into INGREDIENTS_OF_DISH (DSH_ID, ING_ID, IOD_WEIGHT) values (4, 12, 14);

insert into INGREDIENTS_OF_DISH (DSH_ID, ING_ID, IOD_WEIGHT) values (8, 2, 17);

insert into INGREDIENTS_OF_DISH (DSH_ID, ING_ID, IOD_WEIGHT) values (0, 6, 4);

insert into INGREDIENTS_OF_DISH (DSH_ID, ING_ID, IOD_WEIGHT) values (19, 8, 7);

insert into INGREDIENTS_OF_DISH (DSH_ID, ING_ID, IOD_WEIGHT) values (1, 7, 2);

insert into INGREDIENTS_OF_DISH (DSH_ID, ING_ID, IOD_WEIGHT) values (16, 1, 9);

insert into INGREDIENTS_OF_DISH (DSH_ID, ING_ID, IOD_WEIGHT) values (2, 0, 13);

insert into INGREDIENTS_OF_DISH (DSH_ID, ING_ID, IOD_WEIGHT) values (3, 14, 6);

insert into INGREDIENTS_OF_DISH (DSH_ID, ING_ID, IOD_WEIGHT) values (18, 3, 1);

insert into INGREDIENTS_OF_DISH (DSH_ID, ING_ID, IOD_WEIGHT) values (10, 11, 10);

insert into MENU (MNU_ID, MNU_NAME) values (15, '6D7A2OAPYEOW42S0J977G6Q3KV2DWIAYQH9DFB9O06OO8ECVGBBJSPFSS6PU7JY38PAQICG3HG4OB8CUVGKCBWNNFI6 7GWCBBPDFP838W5M90JW222D1 RQI6VQ8LF5XQER1  PDCGQTYO LNJTOY819MSICYTUAKWS1H6VCT9LETLTCV76TEGIADD4F5FPWL5PU48HTIB6C355GLUHRKXVD8NQ5HLVJOO6NHP9RPWWMX8LBRQ3ND6WO36 WXR');

insert into MENU (MNU_ID, MNU_NAME) values (4, 'E9XJBIT2VGWUL31QNOKOSDEQ6L 1UX1A9FJCK7 WWFPGFDXLRH91SLU79R4TR85ODMV6V9LTTIYN2TNT70CPNRL5J7WPKK4EGSIQI2TE0RLSJL DATD3E568E3UBHHK 74356PJCQMOV8OAB3P66GQU400LW4CP 91I5 49A8PIB1SNPOSMDMCDILP16K9F 2CQ0H06 L0I65FSN0HTQ4JB56B5E859L21WGLT46TP7X9W3AYG0SLPSRP62D NF');

insert into MENU (MNU_ID, MNU_NAME) values (9, 'GKFETMTKMTCDNFAJQ9MLM1 O62Y4G3AS9S5MXB0O6EOVY3EV8L93TY9E80KRH89VPU086T98MBSQ 5XE0KU7I5A4Q97MTHMSIS81FP4QU717CV949N7TDVJMMCEGGA5FIJ6X5W09SL1L9XLPC7EYLTABSTW7SKG8FXN19S2LCXQEGFWHJKTSX1KC61RYTLWD5QLLA486IJAC5VYD6W1ML 8FSBBY22NLIKA083839P7754B0OC1YEKV0MU7LL4N');

insert into MENU (MNU_ID, MNU_NAME) values (3, 'EF2BVOAJ1MM7YRJAOFX0FO2W5QSAGY9KWUNIVPOHGOADSUS CWJFVA5HJ65S89DXTNO0WWO4EHQ XR19KJ017KXKM3U4S6T LWH7 G2AJ7UOUESTLU4WJHXWDLQ16VAUAL7SB12LA DA59 4CDGD5G0 JUJLJ1YBOS P9UAHNY10M8YCEOK0HHJ5F2X29XC03KR9BMQ59EGB4VFJXDYR318G3HF1S9FBM0IX3NVIJJ3VS7MHT2XQP66S4CIETEJ');

insert into MENU (MNU_ID, MNU_NAME) values (10, 'GYB JHRHDENFQSS1RLGSG9IYRWYJ935FEGMX6E8U9I2P5KPNPH6OKR2ITENT2NUAU46 8Y LH727QMLUGA0P6FJ557SIJKEPCM6NDIFR4E30ANMD IPTIM3NRNQOO48M7AXEIFFT3QI8 JGGWB0Y6VD6FNXCPRBFI4OJVCIM0HRR79CORJRV1UNAOSSE824Y5RUCY0MHDKBGO0  RLTA8DOYUDUM2SNERGPYJBB0BKO3C3QU0M2S6FRK1AKSCSH');

insert into MENU (MNU_ID, MNU_NAME) values (18, 'BR7PGOCNBXQDCH C1AFEYK5OW64JFF6NRELASRB7WYXXQNC6S7EQ5DVT5X2A515T4NWVVCL2NYR SMY5O5O4PW11WQ0HB3239A1YFDPXVBE4VIQLSA0HWO8S7THPBVF6EUK270D 93Q19QUIJLRWTI8 E8QNCV 85QRRQREWYA9D6WHCQR0GJI 3DSJ0KWI1K0GLKCUXFI6VP034OBH704K6A0GI221T3L883SSVN9B9U99CYJKA3Y7QTBMXSPP');

insert into MENU (MNU_ID, MNU_NAME) values (11, 'EL6A9MFM0XT6CI5O2OI9WK 9U TV2KHT4C7GEDUR606VXKG9WB4872FC47FNQ8BUT0YADGWVR168TOA20PYWF7U4OCW5SFFDWNFYUYSQNKFPXI 8 5F6TG G7OO23QA8AQF8OQW9AJ9E5M662ASRO7XDVU2XMNPBE6JNLP KMCW4EERDXA  BQ22FX3SALPQA96BHK0V5Q79O9XIVKRR3A0T4DLF3VMPFOG260ANWW XYF7DN2ORDYP5R2681N3');

insert into MENU (MNU_ID, MNU_NAME) values (14, 'NUJABLKDEFEOU92A K438LQBPNB8B63 46CG6NR3WT8LFN98FHD145KDAMSYCK7IUH1EFAWL OTSP9YE2S0G0KAMT3LAQBX4OFYEHIB9O6X4E52BADJ06BM2G 8YIK3JM7RIED5T7 R7VIEXPOW4HY74FPMIDIFTWHOMYVJ6XBYH5ILD3OE1J0LB6A28OBK8TI6AH3HMAXJ3XDA3DVURJ58K96B7F84DW18Y27UO 2W2IC TLAB3BYH2GGG9AJI');

insert into MENU (MNU_ID, MNU_NAME) values (19, '4SE7SEBH5UKW3WP4K0HFLH3L8MO23KH4M9FVQUL35SQRRQRYL K4N59STUY148F7ABFDKE9A0 G5DBVSI26RC763UAXRIXP U1CBTRKNGP530MDO5 F5N4MILBQ AXQH9RKMS7RKCDP2J9PQMJ1G71CYNH4V77XQUU2QJS5EYMMXOIAVER89KT67VF9YTCPN5XBGY23ER6VXSAKX3TRKXW XE0X8GLK YRCXQEXQJY S563OR1WTDEMSN6F38V1');

insert into MENU (MNU_ID, MNU_NAME) values (12, 'IG6PS8P1FD01JRFCSLWFQO41AB4LB1QMS BH1PMWHKLKPDWVT61RMIH4TE3Q2KFYD8C945DXSS1Q5K7B9A8Q17KWR6LR 8TLO7N7UCWM3XW67PI9H3GQ2Y4BA5732AG723Q FTSI35V2KXPERWSR2PKHL6OOOSIGRFARJY94EYT5C3BDCFH7Y6YEPD  OIV1X16C7U72H2OM2XHX9K 5XW18K460A00OL DYUE5YRJOANW2SLLU2O44112HB4O3');

insert into MENU (MNU_ID, MNU_NAME) values (13, '5QN0EDACFKO3GF8KQ70S27 A1W7B 8OY87OF0  L632FX503LXKQO1A7DTQ8K1V2RS03NEQGVHK94Y1H7IDO30O7BD7W9E1KL6TKOOK2ARCFWDV7FJRUYELB31D7OKL7NYMP2BA97VVTPEXB6LDLFX7608C627VGSL6D96HIDNTKIDDOE43E9MI2C7GY3DVE IKO7JJ0OU7XS23M0G5 O1A0H7DW2KHU803WH5LHY3A9LNVA2V04G11LTC HRN9');

insert into MENU (MNU_ID, MNU_NAME) values (16, '4IBEE22KF30O7GP6FKHFSYY33PLIDHWLDXHDQLU6X216EG9BEKFF5 HLHNWGB40QAHM7N5DYRRJXS8NCA6NCIXRDA33KB13J9CLB EY4B8SCDXQ3SI1S9OB5UJXVH4MTAMAHRHESQH02C8O88PDN2P2C I Q1VK24HEQ64RROJA42C34P D1NYD7AMVQG86L35LCLJMOLILQ000YUIMGXY P F1RBP7G6TFWGJXXHIUFVIVR0KML O1OXKT0BDS');

insert into MENU (MNU_ID, MNU_NAME) values (8, 'J3RDBFD1O2NW0FNI85FSG1R2OOPGWDRGH3BSOCWPXP5ELOR5XYFGDH931EK67I 5P7RYG5G3FE71JQPE5QUUVUTGYXT1W P7F1G1BYYSNU2AIWWD1E33TUKXAS90A41ELVS5B2TSYC NFK9IFKL8CC7PR4N0 GQV1O78OV0FEV8FJE9NYKQ7VB DUPTTTN 79158   KV37VB3W35A0V3YLXT2M4XIKCM62Y15RC1A95JLOH5BX YKDROAXKQ2R');

insert into MENU (MNU_ID, MNU_NAME) values (2, 'P72J2 9XEAFQBAXOY V 7RM4PB5NNYGD2X9187EIQV34CWCGXGWR40S5 A4QSKYSLGY5YDQ6RRKU4086C3XU6JUE6 95BT0WW91JNHN0BRQEEH3FHA5USGQ7CLBWH9A2 K2SPQPQME8AWKMG24GF85JKW1P1EQIA9D7LAOJIB1847OPX7KDAQ8KWO2IM5CL0KICML414GSNFTKA3E815BP69Y7EQNHN93JYNP44SHJ2T4AKQLNCQ2R 5DPRJRTW');

insert into MENU (MNU_ID, MNU_NAME) values (17, 'KHU8EI20C9 M F6T552PTVXPM NN5ABQ0SKYPXL 30L6K0RK7QIC7J 8A9XRSV6Q6FLMDPMIWGMB9XYE8KR1RT0LA25DP3XJ88OD8KE76M24U9X454H7DBC09OPJ3FE2TIA 71DUT1RH3W2NEF01WLMSDSUWBBMB4VPV8NCCAJAVRR53WTH8B2QHEHJRM YHWEY67TDTLH EQI4P72W9J4XRJ9I3DO3UELWN5SRI8I2VUVBWACX7M0MEM0CI IW');

insert into MENU (MNU_ID, MNU_NAME) values (1, 'XEA4O1T5T9QEQ C88Q84SJWMFX1CBUHLD8S0CY0G98PR43GRFLPQEEUXXA3LFDIO RSRD DTMABLS4K0CJ6T5AUW9490F3GWOCEC66VPP2V752YE2PH9OAQ3TB39KH0BMW3HQPBVKP5N9YSLQQRNDLCE8BISS2U81WTORRGBE 8RWU6LPVNEADD082VTMFH9EBU8NIYDI1P5ES4LHU7Q2TEDR3WD96EB7NY9C6CMFQI8VWJ6QYTL18Y5WFQ8MXX');

insert into MENU (MNU_ID, MNU_NAME) values (6, 'KAX7LJ23XRA 6YD74A BR7UFFUM Y8CDFHQ7WJFKFDLX 1CWK2AYQ8 6G0SKX83VOU5UKCM2J6YGC416T8PDVE ESXJW9IYJBKUHUJ Q0BB6TWOMK2OM7O87BA1PWKNBM2 VPHWNT112POJNS035ON4O5YY7IIY47S97W1TU7T5I4GYMMNFUXN3ROXJ L7PQWGV0 V57R73AVU7RMROYEKMANDI0E2RVUWLAA7EIA VNO6O8K7E5AY60 M7Q 9Y');

insert into MENU (MNU_ID, MNU_NAME) values (0, '5G2PEYX2IY124XDS4H3LJM4AL 5DY5J92G524UOQS4ERSV1YDRMVL6XJN6LEUJCL2UF0NNMXWGAJ0GGMV 6D7IXJLDR42HSWGTBEMTN98Y4JNIJAE2APP0BUUNJ0M7M8H0HO LBE6UDGYKVGN7M3RR 5PF4YYL7L96OR6 T0XMQHHYOP6V37HOG5CDOFXGM2VGT51S RN42CDTUMJTMBFGWJVEOGR8LQ990VQMBEEFBC00WS42F7IL43ARPJ48I');

insert into MENU (MNU_ID, MNU_NAME) values (7, 'RA7FFYS0P5WP89A3V7XS51BNJIXGR1KD9PAJWOHUHR6HDF29J2 7 SNMQDQTQ01VG7QUXEMCI 74M4LVIS494VFUIL7UJWBDKC12LXWLOJ69DGW6IEHSFU8RQSQPV TUVM12KJSEU LOIWTXCVJPCOHHAJXTXXQYLFRU3VK7YT79JBWNR0 3TQAT49PMDU0141LLU0B3 F45F1JHNMT8DRL68A9UI8H0RP6N4FUUU5MKPRW7TABI0 5MLX283 M');

insert into MENU (MNU_ID, MNU_NAME) values (5, 'IWHFIO0RVM6DWEJVA7M1I9XGX7AVUGESUXFJRV0G7BL7Q2Y6SQ2UX9LSG6HRSF73YCF09J53M0HDRVWCJC1VOMF79KH BEJDDLCLX1JOHTR9VFONX0RHQH6K3I56XAWDE5VCWCNWTU8O2W140THDCI1HA5A87H8HYLPLFUEABBNLJ03LKQ8JUXODVOMBW0VXJHCXXJ36CEODM0FQXW28PH3FJBOUXBKREFA90YHLWCVJUM W7FVXLFOMLA1KEHH');

insert into DISHES_OF_MENU (MNU_ID, DSH_ID, DOM_COST) values (15, 5, 7);

insert into DISHES_OF_MENU (MNU_ID, DSH_ID, DOM_COST) values (4, 11, 18);

insert into DISHES_OF_MENU (MNU_ID, DSH_ID, DOM_COST) values (9, 17, 3);

insert into DISHES_OF_MENU (MNU_ID, DSH_ID, DOM_COST) values (3, 6, 2);

insert into DISHES_OF_MENU (MNU_ID, DSH_ID, DOM_COST) values (10, 14, 15);

insert into DISHES_OF_MENU (MNU_ID, DSH_ID, DOM_COST) values (18, 13, 11);

insert into DISHES_OF_MENU (MNU_ID, DSH_ID, DOM_COST) values (11, 15, 8);

insert into DISHES_OF_MENU (MNU_ID, DSH_ID, DOM_COST) values (14, 9, 16);

insert into DISHES_OF_MENU (MNU_ID, DSH_ID, DOM_COST) values (19, 7, 12);

insert into DISHES_OF_MENU (MNU_ID, DSH_ID, DOM_COST) values (12, 12, 17);

insert into DISHES_OF_MENU (MNU_ID, DSH_ID, DOM_COST) values (13, 4, 19);

insert into DISHES_OF_MENU (MNU_ID, DSH_ID, DOM_COST) values (16, 8, 0);

insert into DISHES_OF_MENU (MNU_ID, DSH_ID, DOM_COST) values (8, 0, 5);

insert into DISHES_OF_MENU (MNU_ID, DSH_ID, DOM_COST) values (2, 19, 6);

insert into DISHES_OF_MENU (MNU_ID, DSH_ID, DOM_COST) values (17, 1, 14);

insert into DISHES_OF_MENU (MNU_ID, DSH_ID, DOM_COST) values (1, 16, 10);

insert into DISHES_OF_MENU (MNU_ID, DSH_ID, DOM_COST) values (6, 2, 4);

insert into DISHES_OF_MENU (MNU_ID, DSH_ID, DOM_COST) values (0, 3, 13);

insert into DISHES_OF_MENU (MNU_ID, DSH_ID, DOM_COST) values (7, 18, 1);

insert into DISHES_OF_MENU (MNU_ID, DSH_ID, DOM_COST) values (5, 10, 9);

insert into ORDERS (ORD_ID, ORD_NUMBER, ORD_TABLE, EMP_ID, ORD_DATE) values (19, 'QP8H28HKDP6 DIC4 DA H988A', 13, 15, to_date('2014-8-28', 'yyyy-mm-dd'));

insert into ORDERS (ORD_ID, ORD_NUMBER, ORD_TABLE, EMP_ID, ORD_DATE) values (18, 'INVSBPKEPI OH9 7F3HJREJTL', 4, 15, to_date('2000-10-17', 'yyyy-mm-dd'));

insert into ORDERS (ORD_ID, ORD_NUMBER, ORD_TABLE, EMP_ID, ORD_DATE) values (13, 'X3T9TX3WVE UPIHMNO B12O58', 12, 15, to_date('2006-5-11', 'yyyy-mm-dd'));

insert into ORDERS (ORD_ID, ORD_NUMBER, ORD_TABLE, EMP_ID, ORD_DATE) values (9, 'IJ3E6R4IVQWD54501ILIOR9PT', 5, 15, to_date('2003-5-15', 'yyyy-mm-dd'));

insert into ORDERS (ORD_ID, ORD_NUMBER, ORD_TABLE, EMP_ID, ORD_DATE) values (12, 'O 80KT4RL5URU9CQ9BQIT7B5H', 6, 15, to_date('2005-5-13', 'yyyy-mm-dd'));

insert into ORDERS (ORD_ID, ORD_NUMBER, ORD_TABLE, EMP_ID, ORD_DATE) values (6, 'GOSDG606I7UXHRCN5A AH7F89', 15, 15, to_date('2002-3-27', 'yyyy-mm-dd'));

insert into ORDERS (ORD_ID, ORD_NUMBER, ORD_TABLE, EMP_ID, ORD_DATE) values (16, 'VIU7NIT PGQB78PFEK3DTQK 9', 9, 15, to_date('2009-11-29', 'yyyy-mm-dd'));

insert into ORDERS (ORD_ID, ORD_NUMBER, ORD_TABLE, EMP_ID, ORD_DATE) values (0, 'ENGG796OM8ICB4F86H1CX9291', 0, 15, to_date('2007-11-17', 'yyyy-mm-dd'));

insert into ORDERS (ORD_ID, ORD_NUMBER, ORD_TABLE, EMP_ID, ORD_DATE) values (7, 'OUBSU7EHQYYPP6548HA5XOSFM', 16, 15, to_date('2001-3-18', 'yyyy-mm-dd'));

insert into ORDERS (ORD_ID, ORD_NUMBER, ORD_TABLE, EMP_ID, ORD_DATE) values (1, ' RWMAA2NG VW09NOX4XR A8DT', 8, 15, to_date('2013-8-8', 'yyyy-mm-dd'));

insert into ORDERS (ORD_ID, ORD_NUMBER, ORD_TABLE, EMP_ID, ORD_DATE) values (2, 'X2E82HDP4EBQ A4V NSAJ5THX', 17, 15, to_date('2012-12-15', 'yyyy-mm-dd'));

insert into ORDERS (ORD_ID, ORD_NUMBER, ORD_TABLE, EMP_ID, ORD_DATE) values (5, 'AE045H85FMBQN9UM1PKXCLY08', 18, 15, to_date('2008-6-7', 'yyyy-mm-dd'));

insert into ORDERS (ORD_ID, ORD_NUMBER, ORD_TABLE, EMP_ID, ORD_DATE) values (10, 'GKX6TVSOACQWPOG2DRG1291WX', 7, 15, to_date('2002-8-26', 'yyyy-mm-dd'));

insert into ORDERS (ORD_ID, ORD_NUMBER, ORD_TABLE, EMP_ID, ORD_DATE) values (15, 'QOPTPB5L04VOIQB N8FD7W772', 1, 15, to_date('2004-9-30', 'yyyy-mm-dd'));

insert into ORDERS (ORD_ID, ORD_NUMBER, ORD_TABLE, EMP_ID, ORD_DATE) values (17, ' QXYKFUQVSTAOCOFV7KY9URCP', 10, 15, to_date('2007-6-25', 'yyyy-mm-dd'));

insert into ORDERS (ORD_ID, ORD_NUMBER, ORD_TABLE, EMP_ID, ORD_DATE) values (8, 'L73YGJF2N623F6S4XW0E5YDY4', 3, 15, to_date('2010-8-13', 'yyyy-mm-dd'));

insert into ORDERS (ORD_ID, ORD_NUMBER, ORD_TABLE, EMP_ID, ORD_DATE) values (14, '0 ICOFC65PPWGNJPGWV7DR5AO', 11, 15, to_date('2004-1-31', 'yyyy-mm-dd'));

insert into ORDERS (ORD_ID, ORD_NUMBER, ORD_TABLE, EMP_ID, ORD_DATE) values (4, 'BB9GX6FSF09MLCTFLTXX77MPX', 19, 15, to_date('2000-1-1', 'yyyy-mm-dd'));

insert into ORDERS (ORD_ID, ORD_NUMBER, ORD_TABLE, EMP_ID, ORD_DATE) values (3, 'SFO6M20VSV XFU DWH87X5JGC', 14, 15, to_date('2011-10-11', 'yyyy-mm-dd'));

insert into ORDERS (ORD_ID, ORD_NUMBER, ORD_TABLE, EMP_ID, ORD_DATE) values (11, 'FM7W44R9536A82GQH6TI0Y U9', 2, 15, to_date('2008-10-28', 'yyyy-mm-dd'));

insert into DISH_OF_ORDERS (DOD_ID, ORD_ID, DSH_ID) values (9, 18, 0);

insert into DISH_OF_ORDERS (DOD_ID, ORD_ID, DSH_ID) values (2, 14, 17);

insert into DISH_OF_ORDERS (DOD_ID, ORD_ID, DSH_ID) values (19, 13, 14);

insert into DISH_OF_ORDERS (DOD_ID, ORD_ID, DSH_ID) values (8, 7, 3);

insert into DISH_OF_ORDERS (DOD_ID, ORD_ID, DSH_ID) values (10, 17, 12);

insert into DISH_OF_ORDERS (DOD_ID, ORD_ID, DSH_ID) values (4, 1, 19);

insert into DISH_OF_ORDERS (DOD_ID, ORD_ID, DSH_ID) values (16, 10, 0);

insert into DISH_OF_ORDERS (DOD_ID, ORD_ID, DSH_ID) values (7, 8, 8);

insert into DISH_OF_ORDERS (DOD_ID, ORD_ID, DSH_ID) values (5, 12, 8);

insert into DISH_OF_ORDERS (DOD_ID, ORD_ID, DSH_ID) values (3, 15, 11);

insert into DISH_OF_ORDERS (DOD_ID, ORD_ID, DSH_ID) values (17, 1, 4);

insert into DISH_OF_ORDERS (DOD_ID, ORD_ID, DSH_ID) values (14, 12, 13);

insert into DISH_OF_ORDERS (DOD_ID, ORD_ID, DSH_ID) values (15, 1, 4);

insert into DISH_OF_ORDERS (DOD_ID, ORD_ID, DSH_ID) values (12, 7, 19);

insert into DISH_OF_ORDERS (DOD_ID, ORD_ID, DSH_ID) values (6, 6, 8);

insert into DISH_OF_ORDERS (DOD_ID, ORD_ID, DSH_ID) values (18, 6, 16);

insert into DISH_OF_ORDERS (DOD_ID, ORD_ID, DSH_ID) values (13, 18, 6);

insert into DISH_OF_ORDERS (DOD_ID, ORD_ID, DSH_ID) values (1, 13, 8);

insert into DISH_OF_ORDERS (DOD_ID, ORD_ID, DSH_ID) values (11, 15, 7);

insert into DISH_OF_ORDERS (DOD_ID, ORD_ID, DSH_ID) values (0, 5, 8);

insert into POSITIONS (PST_ID, PST_NAME) values (5, 'KMACAO9H0GH5 IW2XLRDI1SJQ3XXE7VRAXESE6WFLNUN0A FVEN0VD5QLNOVGUB MO7BWI2VPGXISOSURFW78AUKKLY92ES3HH B CWM4PHI2MOOKX3L7CIA5SCMT4KG 7KIL2JC BWXCUWAK9B23OW42BXX62 BKRB2HP8QMH0D KTWC08227O4BCDHBSFWXA3L7W89QF9X2TSNQUYB1DM969T28M9832D110RE7MJ1G59JWL60OBIF9LYUPHW');

insert into POSITIONS (PST_ID, PST_NAME) values (14, 'DBI2T2 6HAOAKTVMK8B5QIW6FF 1D9 S648OP6HRSIAKRMXCJG5LIRKG S9TM9EFGEY8W0SWFKFUC1VY8IFTPHG9OSGKYTMBX8L901V HL48C4XYCNMM6IBG04N47S70706U2EBGXXM9AM1XDFDC3FL GR7UJVE2TG LG6DRM59223QFUOHV3NEVB0JLJJ347HBO020ED7MB X835HVL8BG2TD9T70SSOCPQ OSVU9D5Q8DMK8NGWE6N3O5F BP');

insert into POSITIONS (PST_ID, PST_NAME) values (7, 'QHKW  BXQNTCCFWPM9L3YXLMN825XO8OOS N535BLAKJ3LNEVDHM2MGJ75WBAHC8CNM0JP1I14L565XA2W6SCL89EPUV321IH0W3WQOPQJ5GWF0U1Q4BTW0TFOV8FFGCWQF8KEJRCPWY47W9KQ5430OXHR8YU1H7FL5WFDU6LRO87KGAHLB8BTUWSHEPHQV8XBAOVQN46PN4139FPY T4LXQKD7E1S369FBDS QGXJ8K2RNR2DR9Q 445SP0PTF');

insert into POSITIONS (PST_ID, PST_NAME) values (13, 'JCF0WO0PNL25L7VU3KAK2T4ECT19Q6XWD6RFCH2XT21FI09QT51MXOHJCYCIWQLCGOPXYRWKS55CQH331SVDM2Y3TWSE 6NE7WG25IKJ RWFS6XDIJ0L4AWDY3E3NTFFNW4SHDMKJUSJF6RVLGGBM8 GR 43NILMKPSAMEY56C7SI3 ODN8VC7C9T1Q50N9XBGB IAWJD8EM33ENJ66US7IGCQ0CS4X4XALM457T5KLPBU8CG943JLEH9NL 9EI');

insert into POSITIONS (PST_ID, PST_NAME) values (11, 'N4DB8MQ TADV LK2952RUDDEJ4B NVFBV7V65EAS64R8QD0XIBTOH616P6DPA6R2V72PWYIK9RTKGBFA49PDS1MYP8E11XFVHS7DEVSO9VOO0ANWT039P6OA5W3BC0 BCAKJS0VV6SKCG7 3568PK C3EA5OXHIBWNIHHB6BPKN457CFE2HWY06SJA98VJP7CICD6XKMEU6LSL20QO7YOXE4KE7WEJORO5IBW3GQL F5BS59YKTYVMOA3QRN415');

insert into POSITIONS (PST_ID, PST_NAME) values (6, '5NKDAW9T1BXP6WE02R1RT 37VO5R7VNCWUAF6Q05CHDBX26NPL1HEPIRWI32CU900JL5T82GUPJOIL1MUN3HG 6MPPOIMETGVWF0XJEA5GF41J0XJ IAO2KM60P0K9GH8TCL20 P9YM4G9D7BB5HLJD2H3LJLFJHBXJHTC3BM5F4MDGK19KNP6BU9BG225GAPPW8LI2B0VPMDSSM14YDE4DDJU0L6 TCFE JPRFBPM24CO3L028CYQNLQMO53QG');

insert into POSITIONS (PST_ID, PST_NAME) values (15, 'LV0 2FLVJBSR64J7620V9KOE PDISUJ8IUDRGWT8RWGMD924MPL2SCV1IPM9NES93L0SI6IH6WK9C5C0OWCNPAL6QCO9UL4RWQC8Y71TN5RTP2O5PXH4SBBHPQLJI8I40AHXKV2IHYJ769M2HK1LV8UV0A7TUY6X0QCD8YJ1IY3VFU3CEYUXRT7DTX6E4CNU0WONQ3M168I26V7SDNHJBMT7RWXBJWQQQ0XK1XU8D9LK99GCTLCKH99P0WN7E0H');

insert into POSITIONS (PST_ID, PST_NAME) values (8, 'NCSEK WYLJXVUGUI3O4LR65HEA0AD1 AQJ93QLG07OJS2KEDAH26KCMNXVQOSS QBNWWVSVCBCSF1HKCC9KS11Y94J A304TWELDCMDLAISS63W TI7XY8B2 K1HJ6GN45MY841MQT0JLBW4FE XP S3MUMC2OWTSQOS9DYNCCF624WW2HASBFBNCQVSA 9 UJVVUH04YRC01I8PQXXFJOSDK5BGGN9AEHOWYK1RN7H2JI18OF3EPU04XIWTF5L');

insert into POSITIONS (PST_ID, PST_NAME) values (9, ' Q01ECTTLKE07C4FG76F6U5O27SW2T3RP939OCFYY2LE1THFLTXWXMTDN9I59T27DK92SYM1ENJOY OW86Y LE2MM6OQ5APC3DJLNUOISXI65LUO432I 56UX8V8BSNEDLICVBWQARDMLY6HFKLOLJHCXR6M5HMJY99AWDK C2H814WXGOE6QUBC4B89R8CVSLFRWM3GM PJYR8KVRX1J11 FL6X1IJD8Y7JWDT85SIKQ6GTN71PVR2BXHQUQH0');

insert into POSITIONS (PST_ID, PST_NAME) values (4, 'WUU8RNJ6B6XSNEDU1 N81C8TA2X3JA LAGYS0OQMK9Y3NVYRHDTICHESQI6010G4893M8D7NT9NEPR9J9LMEAFVFE9GRQV0HCMA USWRR9V9FI7MIQ5XX8UB KC6GRFK4ANRLVCH1OPRVCFE54LPSO9 1YEME86C07G9O9SF67DIF86C1CCTQBN019FW7PCRCO8DQE46LR8NW0CY0DY 2H82DLFHVBNVB8IIPKUDLMSUK6KQQC2AHCURBAFBU2I');

insert into POSITIONS (PST_ID, PST_NAME) values (3, 'N3O4N2R6OHARB1318SQKJ5R2S32RT M06Q5X8LS SDK SCVN1OBFXJG0VSUS0JJTL613AI7QGBKEJYFYRT4U7LWJREU3G43C0A0RCGFMG9N8DPG52IF3QMC58VKF6TDMKT EHHJFJ4FQLWD3L UOCET 3 TNS27AGG8IB IOKMVE25GB3D87D24U6IOUES9RXSAUYU0GDH5T6LRYAOSGP5V6D1H5P8W 89W72CJKU9SSVN1UYVXDUMG4K4UYU2E');

insert into POSITIONS (PST_ID, PST_NAME) values (12, 'MNA5NV2EHXHK8M8WIWSC2OT1GP8PRLFO H7FC25L9KII9CNP0X52SQKIKQP985RI235CMX1 OPNY3MKN8WNDX10MKPRY7C GGV9UY9L54E4J4H4MKRUS25PW6KMLNGFTF8K4 C4JPO25XHTC4E68W4OMUGC5OBSPYL NJ2C94LHY7RKBOS1QCMBTKEV0MC61LFB7KTABRBBGUYOTOWPSERFC2K4QWF5FM9BU5HIGNWDBV8XX5SE0A96VP3V850M');

insert into POSITIONS (PST_ID, PST_NAME) values (16, 'DXMMUKIW5ILFNGAEFUH6FBA8RJ6TM21Y233SWAWTQNJ3OXDO 61180LL87 KEN1UIA9ATT5W94  1S8O06MW 0HN82UM9W2HJFQFSYBCMJ8HLO7SNJDLI6QAK3YE83MGQ07IBJYOG9I1HF3RVLFSVFPQPXO7KKUND9CO2O5U696V409RFF06HW9M WCAVXCIO0W23JK505L58HKCVME8YWR0IYAR TARIQLLPHCEW750T7IIHLTE9V7B6P O14D');

insert into POSITIONS (PST_ID, PST_NAME) values (0, 'NLL97F17PNE9F4J NC9L2LD HMFT FUSOEEOO6VDOTBDAQ3HKC91FG75P919JW4BX7MOO1ULAP7YEGM1F4XJPM86PD5T2DB8R0E7VHW6VG0JGF16U47HW6J6JX 094WC PI4R66W9Y9O41D0UKOA GCPPPEEPOH TTDDQ416MU8XV U4VFMFV20V3A0LUWV2VS2Y5LVUKMQW66UOOH ECY3C00062U1Y7SDU93BC2JD8CWVCKBAO19AA609UOX1');

insert into POSITIONS (PST_ID, PST_NAME) values (10, 'L8QO45I5LLJALMOMA48SVLGFEO699UR5HSC2TXW94WHDO6AWAFEEJIBI 1885PCTL4671IORV9Y381TRMWNMA5VOR8MY99WLIVHIWRIWF9AN06OB1EQPRVFA2IMYCEW685D0LGC1V MUTGGVW82HNWKSPO9E8Y5IDDODA8FQRTX4GO4W10XGNB5S3UB1SOPL2F1Y8QAP9NVOSHV1WTBTJ6D42LFDU6YN KVQNEOS1PY9QH70D62D0FNO4U HB H');

insert into POSITIONS (PST_ID, PST_NAME) values (17, '0AIDDVMO0AOFA65VTWXRMYWPK6 365J86QCI75PPKQMDX2WYHGDQO5CI1RRRUB8FUIJ26WVCRM LVF1RAM87DGEDIUDNMSBHTH0LWG6I3QOPK7RXMDL15TOVK1EA7LW63W3DO9PG8GY42I7D2C 033LTWETY T4JSMGKFQCMXKK04DD7AMBK0BKCDJ1Q2KXX719 RCWT5HJB2X7Y6UW 9EVV2NUG4W6WS10DWM5004FS AJCS6HDYFO24DGQI0P');

insert into POSITIONS (PST_ID, PST_NAME) values (18, 'D53M5S3PMSW3YJN4D9D6IUF2WWXH0937H04HIXC46WUW247LDYLK1AH2MX2YG2C8PCOBILXVNYFK9O5IWCNKEBPKRU19180CQ6RAXNIA4MQ7DWSBU4UKPO8E5HPAJSEWKRYXCLQN4V9C24FFD10A PA9URC8GCSAJGC73MB4CP6YRAC2V4HXXE0T9VVR48IP6UKIBMYSSB3CM2XG2F514GOJ12NXNE 9DLQMY0ENS45BOPKNX9GMT7KW3RM5WGK');

insert into POSITIONS (PST_ID, PST_NAME) values (1, '07KLPO0HJWL3 P6NNS2C14LY9OL9CINQX4SCD EYB0F4X82NC5FB4XA7T9BJQY WTUEQL4NQO7F 5LM2KV2D1UKNSNT01GYLHAQ1S5WN7YL  XSE01W2EDEP6V5PB0VDJQ92RVXNFY3Y9236A3YH8NES0BK72DLQLQM7QW4NR6784RS XOI8XPSE4KFO55OB43MABMNMJVDP7ERFDSVFCBJYBJ9PXOCQHX7QJ77L L8SI9I4YMMSO2709FRI12F');

insert into POSITIONS (PST_ID, PST_NAME) values (19, 'L0LGGUL7L97JGFCASVRDHL805KORTN9INUSM 2JPOER74THW3CX194 UWQ3BT9WPL4F6AGJGYDPCUU7USDAJEQ79W5NICTIW5URNVOUSJ1N565XBMY52N8LGT5OQNLBK4X9RURLRM4L14TR4DX6YFXLBBYSDMECTB6RFS6M1DBRKD8NQV2CLIHHA2NT4LCFIKBAOTSJ 08NF 99A03SOBY8MVBYRG 52Q18PLXSKTB2HO64KNJ1XSUP3FVM6O9W');

insert into POSITIONS (PST_ID, PST_NAME) values (2, 'LQS7UB7JH2 3RLMI0PXVBD0G7M5JJ7KUWJ33NORT02I3FJNFQ5NCW1RV28XP1JNWE195RY2C464PSORQHX0RXBS3I4TE3OPT6AKS0X2PFSWTEVT2N28RT982Y7F7B6A2 A6TDW058AVOTF4RCNF94FKIKE7XD6EY6449 QMVH4 QW7C19PLEJXPV1OJP58GKUVGE4S2OQR1RLJLUSCPOXG0HT0OYPJ8PON W8 UA9QRU EDX QKSD46E GUC7QX');

insert into PREPARED_DISHES (PRD_ID, PRD_NUMBER, DOD_ID, PRD_DATE) values (4, 'RMA0L6VDKCEJ8R30UY41SM4NY', 17, to_date('2010-3-25', 'yyyy-mm-dd'));

insert into PREPARED_DISHES (PRD_ID, PRD_NUMBER, DOD_ID, PRD_DATE) values (7, 'CSC4FWWJOMT0YNS0 T2AY0Y3G', 7, to_date('2007-9-28', 'yyyy-mm-dd'));

insert into PREPARED_DISHES (PRD_ID, PRD_NUMBER, DOD_ID, PRD_DATE) values (17, 'R4XWF0J8GGE1H511XHX9IF 8V', 14, to_date('2005-8-12', 'yyyy-mm-dd'));

insert into PREPARED_DISHES (PRD_ID, PRD_NUMBER, DOD_ID, PRD_DATE) values (13, 'N6I9USKHCPVMXXL47Y9QXCMI6', 4, to_date('2001-1-4', 'yyyy-mm-dd'));

insert into PREPARED_DISHES (PRD_ID, PRD_NUMBER, DOD_ID, PRD_DATE) values (2, 'WSTMTEO99LIUPCCNLH2NJE5PJ', 5, to_date('2008-8-26', 'yyyy-mm-dd'));

insert into PREPARED_DISHES (PRD_ID, PRD_NUMBER, DOD_ID, PRD_DATE) values (9, '4UVTL8L7UWL22U9O2H2U  DSD', 10, to_date('2006-5-12', 'yyyy-mm-dd'));

insert into PREPARED_DISHES (PRD_ID, PRD_NUMBER, DOD_ID, PRD_DATE) values (18, '1D2SFLP92J47JSYC3HKXIHCEX', 1, to_date('2003-4-3', 'yyyy-mm-dd'));

insert into PREPARED_DISHES (PRD_ID, PRD_NUMBER, DOD_ID, PRD_DATE) values (11, 'GIVLA9U05I0DUR1NB7XB60YUB', 14, to_date('2004-9-22', 'yyyy-mm-dd'));

insert into PREPARED_DISHES (PRD_ID, PRD_NUMBER, DOD_ID, PRD_DATE) values (1, 'GUE1 SOX9IUKSUC 4JXTREXLA', 8, to_date('2009-7-16', 'yyyy-mm-dd'));

insert into PREPARED_DISHES (PRD_ID, PRD_NUMBER, DOD_ID, PRD_DATE) values (0, 'B1N3XK25SQJ1 IAYK RXYISIX', 2, to_date('2001-6-25', 'yyyy-mm-dd'));

insert into PREPARED_DISHES (PRD_ID, PRD_NUMBER, DOD_ID, PRD_DATE) values (19, 'MBL07MU6PHK6QLC 70RI97RWR', 13, to_date('2011-4-18', 'yyyy-mm-dd'));

insert into PREPARED_DISHES (PRD_ID, PRD_NUMBER, DOD_ID, PRD_DATE) values (10, 'U0F DGWFJX6VJOEUCPATL0P6T', 16, to_date('2013-5-20', 'yyyy-mm-dd'));

insert into PREPARED_DISHES (PRD_ID, PRD_NUMBER, DOD_ID, PRD_DATE) values (8, '8HUB2GG657AF3FX36UAET0HAI', 16, to_date('2011-9-20', 'yyyy-mm-dd'));

insert into PREPARED_DISHES (PRD_ID, PRD_NUMBER, DOD_ID, PRD_DATE) values (5, 'JESFFET9N54LDWK8TYKUH5 KK', 15, to_date('2002-4-23', 'yyyy-mm-dd'));

insert into PREPARED_DISHES (PRD_ID, PRD_NUMBER, DOD_ID, PRD_DATE) values (15, 'X7NA9VQS0Q3U86FH51C0F7XIK', 2, to_date('2000-1-1', 'yyyy-mm-dd'));

insert into PREPARED_DISHES (PRD_ID, PRD_NUMBER, DOD_ID, PRD_DATE) values (6, 'CCCRN2O7SSK8XYL8VVOLI61SF', 14, to_date('2012-3-29', 'yyyy-mm-dd'));

insert into PREPARED_DISHES (PRD_ID, PRD_NUMBER, DOD_ID, PRD_DATE) values (12, 'JRYPP6Q6LCVWI3MY4E3RI6ONT', 3, to_date('2007-3-2', 'yyyy-mm-dd'));

insert into PREPARED_DISHES (PRD_ID, PRD_NUMBER, DOD_ID, PRD_DATE) values (3, 'XTWM32IQAW0SC3ET16YECPEUG', 19, to_date('2008-3-20', 'yyyy-mm-dd'));

insert into PREPARED_DISHES (PRD_ID, PRD_NUMBER, DOD_ID, PRD_DATE) values (16, '14KE1BDNXQP11ERB6M76B8I3V', 15, to_date('2010-9-15', 'yyyy-mm-dd'));

insert into PREPARED_DISHES (PRD_ID, PRD_NUMBER, DOD_ID, PRD_DATE) values (14, 'G2O0QEMQ3 R 245BW7YR6RSA9', 2, to_date('2004-3-18', 'yyyy-mm-dd'));

insert into COOK (EMP_ID, PRD_ID) values (15, 4);

insert into COOK (EMP_ID, PRD_ID) values (10, 7);

insert into COOK (EMP_ID, PRD_ID) values (13, 17);

insert into COOK (EMP_ID, PRD_ID) values (8, 13);

insert into COOK (EMP_ID, PRD_ID) values (11, 2);

insert into COOK (EMP_ID, PRD_ID) values (7, 9);

insert into COOK (EMP_ID, PRD_ID) values (19, 18);

insert into COOK (EMP_ID, PRD_ID) values (6, 11);

insert into COOK (EMP_ID, PRD_ID) values (4, 1);

insert into COOK (EMP_ID, PRD_ID) values (0, 0);

insert into COOK (EMP_ID, PRD_ID) values (5, 19);

insert into COOK (EMP_ID, PRD_ID) values (3, 10);

insert into COOK (EMP_ID, PRD_ID) values (12, 8);

insert into COOK (EMP_ID, PRD_ID) values (17, 5);

insert into COOK (EMP_ID, PRD_ID) values (14, 15);

insert into COOK (EMP_ID, PRD_ID) values (16, 6);

insert into COOK (EMP_ID, PRD_ID) values (2, 12);

insert into COOK (EMP_ID, PRD_ID) values (9, 3);

insert into COOK (EMP_ID, PRD_ID) values (18, 16);

insert into COOK (EMP_ID, PRD_ID) values (1, 14);

insert into POSITION_OF_EMPLOYEE (EMP_ID, PST_ID, POE_SALARY) values (15, 5, 15);

insert into POSITION_OF_EMPLOYEE (EMP_ID, PST_ID, POE_SALARY) values (10, 14, 4);

insert into POSITION_OF_EMPLOYEE (EMP_ID, PST_ID, POE_SALARY) values (13, 7, 13);

insert into POSITION_OF_EMPLOYEE (EMP_ID, PST_ID, POE_SALARY) values (8, 13, 10);

insert into POSITION_OF_EMPLOYEE (EMP_ID, PST_ID, POE_SALARY) values (11, 11, 12);

insert into POSITION_OF_EMPLOYEE (EMP_ID, PST_ID, POE_SALARY) values (7, 6, 1);

insert into POSITION_OF_EMPLOYEE (EMP_ID, PST_ID, POE_SALARY) values (19, 15, 19);

insert into POSITION_OF_EMPLOYEE (EMP_ID, PST_ID, POE_SALARY) values (6, 8, 3);

insert into POSITION_OF_EMPLOYEE (EMP_ID, PST_ID, POE_SALARY) values (4, 9, 16);

insert into POSITION_OF_EMPLOYEE (EMP_ID, PST_ID, POE_SALARY) values (0, 4, 8);

insert into POSITION_OF_EMPLOYEE (EMP_ID, PST_ID, POE_SALARY) values (5, 3, 2);

insert into POSITION_OF_EMPLOYEE (EMP_ID, PST_ID, POE_SALARY) values (3, 12, 14);

insert into POSITION_OF_EMPLOYEE (EMP_ID, PST_ID, POE_SALARY) values (12, 16, 5);

insert into POSITION_OF_EMPLOYEE (EMP_ID, PST_ID, POE_SALARY) values (17, 0, 9);

insert into POSITION_OF_EMPLOYEE (EMP_ID, PST_ID, POE_SALARY) values (14, 10, 7);

insert into POSITION_OF_EMPLOYEE (EMP_ID, PST_ID, POE_SALARY) values (16, 17, 18);

insert into POSITION_OF_EMPLOYEE (EMP_ID, PST_ID, POE_SALARY) values (2, 18, 6);

insert into POSITION_OF_EMPLOYEE (EMP_ID, PST_ID, POE_SALARY) values (9, 1, 11);

insert into POSITION_OF_EMPLOYEE (EMP_ID, PST_ID, POE_SALARY) values (18, 19, 17);

insert into POSITION_OF_EMPLOYEE (EMP_ID, PST_ID, POE_SALARY) values (1, 2, 0);

commit;